SNP Name,Test Results,Test Type
S17250,Negative,S17250
Y3118,Negative,Y3118
CTS10228,Positive,CTS10228
Y4460,Positive,Y4460
Z17855,Negative,Z17855
S8201,Negative,S8201
BY1953,Positive,Big Y-500
BY2518,Positive,Big Y-500
CTS10200,Positive,Big Y-500
CTS10941,Positive,Big Y-500
CTS11540,Positive,Big Y-500
CTS11779,Positive,Big Y-500
CTS11979,Positive,Big Y-500
CTS1301,Positive,Big Y-500
CTS1555,Positive,Big Y-500
CTS2387,Positive,Big Y-500
CTS3076,Positive,Big Y-500
CTS3383,Positive,Big Y-500
CTS3384,Positive,Big Y-500
CTS3641,Positive,Big Y-500
CTS4077,Positive,Big Y-500
CTS4239,Positive,Big Y-500
CTS4272,Positive,Big Y-500
CTS4273,Positive,Big Y-500
CTS4340,Positive,Big Y-500
CTS4637,Positive,Big Y-500
CTS4745,Positive,Big Y-500
CTS4752,Positive,Big Y-500
CTS48,Positive,Big Y-500
CTS5082,Positive,Big Y-500
CTS5150,Positive,Big Y-500
CTS5263,Positive,Big Y-500
CTS5764,Positive,Big Y-500
CTS5946,Positive,Big Y-500
CTS6101,Positive,Big Y-500
CTS6231,Positive,Big Y-500
CTS6343,Positive,Big Y-500
CTS6344,Positive,Big Y-500
CTS646,Positive,Big Y-500
CTS6497,Positive,Big Y-500
CTS6751,Positive,Big Y-500
CTS7469,Positive,Big Y-500
CTS7540,Positive,Big Y-500
CTS7593,Positive,Big Y-500
CTS7904,Positive,Big Y-500
CTS8064,Positive,Big Y-500
CTS8545,Positive,Big Y-500
CTS8742,Positive,Big Y-500
CTS8963,Positive,Big Y-500
CTS9269,Positive,Big Y-500
CTS9484,Positive,Big Y-500
CTS9618,Positive,Big Y-500
CTS9860,Positive,Big Y-500
FGC12094,Positive,Big Y-500
FGC12101,Positive,Big Y-500
FGC1562,Positive,Big Y-500
FGC2415,Positive,Big Y-500
FGC2417,Positive,Big Y-500
FGC2418,Positive,Big Y-500
FGC2419,Positive,Big Y-500
FGC2421,Positive,Big Y-500
FGC2447,Positive,Big Y-500
FGC2453,Positive,Big Y-500
FGC2456,Positive,Big Y-500
FGC2458,Positive,Big Y-500
FGC2467,Positive,Big Y-500
FGC30466,Positive,Big Y-500
FGC3442,Positive,Big Y-500
FGC7077,Positive,Big Y-500
FGC7115,Positive,Big Y-500
FGC7154,Positive,Big Y-500
FGC77154,Positive,Big Y-500
FGC77156,Positive,Big Y-500
FGC77157,Positive,Big Y-500
FGC77160,Positive,Big Y-500
FT10545,Positive,Big Y-500
FT71,Positive,Big Y-500
FT89045,Positive,Big Y-500
FT9301,Positive,Big Y-500
M1460,Positive,Big Y-500
PF3509,Positive,Big Y-500
PF3510,Positive,Big Y-500
PF3537,Positive,Big Y-500
PF3542,Positive,Big Y-500
PF3575,Positive,Big Y-500
PF3585,Positive,Big Y-500
PF3589,Positive,Big Y-500
PF3592,Positive,Big Y-500
PF3599,Positive,Big Y-500
PF3617,Positive,Big Y-500
PF3620,Positive,Big Y-500
PF3622,Positive,Big Y-500
PF3627,Positive,Big Y-500
PF3645,Positive,Big Y-500
PF3649,Positive,Big Y-500
PF3661,Positive,Big Y-500
PF3665,Positive,Big Y-500
PF3668,Positive,Big Y-500
PF3670,Positive,Big Y-500
PF3691,Positive,Big Y-500
PF3695,Positive,Big Y-500
PF3740,Positive,Big Y-500
PF3769,Positive,Big Y-500
PF3794,Positive,Big Y-500
PF3796,Positive,Big Y-500
PF3797,Positive,Big Y-500
PF3803,Positive,Big Y-500
PF3817,Positive,Big Y-500
PF3829,Positive,Big Y-500
PF3847,Positive,Big Y-500
U179,Positive,Big Y-500
Y125171,Positive,Big Y-500
Y1865,Positive,Big Y-500
Y1869,Positive,Big Y-500
Y1887,Positive,Big Y-500
Y1903,Positive,Big Y-500
Y1909,Positive,Big Y-500
Y1934,Positive,Big Y-500
YSC0000275,Positive,Big Y-500
A2594,Positive,Big Y-700
A2636,Positive,Big Y-700
A2638,Positive,Big Y-700
A2662,Positive,Big Y-700
A2663,Positive,Big Y-700
A2669,Positive,Big Y-700
A2674,Positive,Big Y-700
A2742,Positive,Big Y-700
A2743,Positive,Big Y-700
A2744,Positive,Big Y-700
A2757,Positive,Big Y-700
A2758,Positive,Big Y-700
A2779,Positive,Big Y-700
A2788,Positive,Big Y-700
A2852,Positive,Big Y-700
A2855,Positive,Big Y-700
A2859,Positive,Big Y-700
A2866,Positive,Big Y-700
A2870,Positive,Big Y-700
A2873,Positive,Big Y-700
A2883,Positive,Big Y-700
A2906,Positive,Big Y-700
A2909,Positive,Big Y-700
A2934,Positive,Big Y-700
A2943,Positive,Big Y-700
A2944,Positive,Big Y-700
A2949,Positive,Big Y-700
A2950,Positive,Big Y-700
A3047,Positive,Big Y-700
A3048,Positive,Big Y-700
A3071,Positive,Big Y-700
A3072,Positive,Big Y-700
A3074,Positive,Big Y-700
A3081,Positive,Big Y-700
A4738,Positive,Big Y-700
A4748,Positive,Big Y-700
A4763,Positive,Big Y-700
A4776,Positive,Big Y-700
A5107,Positive,Big Y-700
A5111,Positive,Big Y-700
BY12480,Positive,Big Y-700
BY209189,Positive,Big Y-700
BY209190,Positive,Big Y-700
BY39221,Positive,Big Y-700
BY45929,Positive,Big Y-700
CTS10058,Positive,Big Y-700
CTS1007,Positive,Big Y-700
CTS10168,Positive,Big Y-700
CTS10194,Positive,Big Y-700
CTS10247,Positive,Big Y-700
CTS1027,Positive,Big Y-700
CTS10494,Positive,Big Y-700
CTS10936,Positive,Big Y-700
CTS11030,Positive,Big Y-700
CTS11441,Positive,Big Y-700
CTS11768,Positive,Big Y-700
CTS12003,Positive,Big Y-700
CTS12563,Positive,Big Y-700
CTS1279,Positive,Big Y-700
CTS1293,Positive,Big Y-700
CTS137,Positive,Big Y-700
CTS1423,Positive,Big Y-700
CTS1600,Positive,Big Y-700
CTS1680,Positive,Big Y-700
CTS176,Positive,Big Y-700
CTS1778,Positive,Big Y-700
CTS1799,Positive,Big Y-700
CTS1802,Positive,Big Y-700
CTS1846,Positive,Big Y-700
CTS2159,Positive,Big Y-700
CTS2180,Positive,Big Y-700
CTS2193,Positive,Big Y-700
CTS2257,Positive,Big Y-700
CTS2365,Positive,Big Y-700
CTS2429,Positive,Big Y-700
CTS2514,Positive,Big Y-700
CTS2536,Positive,Big Y-700
CTS2580,Positive,Big Y-700
CTS2753,Positive,Big Y-700
CTS3293,Positive,Big Y-700
CTS3296,Positive,Big Y-700
CTS3517,Positive,Big Y-700
CTS3654,Positive,Big Y-700
CTS377,Positive,Big Y-700
CTS4002,Positive,Big Y-700
CTS4012,Positive,Big Y-700
CTS4039,Positive,Big Y-700
CTS4047,Positive,Big Y-700
CTS4088,Positive,Big Y-700
CTS4097,Positive,Big Y-700
CTS410,Positive,Big Y-700
CTS4154,Positive,Big Y-700
CTS4533,Positive,Big Y-700
CTS4568,Positive,Big Y-700
CTS4848,Positive,Big Y-700
CTS4982,Positive,Big Y-700
CTS5044,Positive,Big Y-700
CTS5375,Positive,Big Y-700
CTS5594,Positive,Big Y-700
CTS5650,Positive,Big Y-700
CTS5727,Positive,Big Y-700
CTS5827,Positive,Big Y-700
CTS590,Positive,Big Y-700
CTS5908,Positive,Big Y-700
CTS5966,Positive,Big Y-700
CTS5985,Positive,Big Y-700
CTS5996,Positive,Big Y-700
CTS6096,Positive,Big Y-700
CTS6265,Positive,Big Y-700
CTS6479,Positive,Big Y-700
CTS674,Positive,Big Y-700
CTS6932,Positive,Big Y-700
CTS7175,Positive,Big Y-700
CTS7213,Positive,Big Y-700
CTS7218,Positive,Big Y-700
CTS7329,Positive,Big Y-700
CTS7502,Positive,Big Y-700
CTS7510,Positive,Big Y-700
CTS7665,Positive,Big Y-700
CTS7669,Positive,Big Y-700
CTS7700,Positive,Big Y-700
CTS7831,Positive,Big Y-700
CTS8239,Positive,Big Y-700
CTS8333,Positive,Big Y-700
CTS8345,Positive,Big Y-700
CTS8420,Positive,Big Y-700
CTS8431,Positive,Big Y-700
CTS8444,Positive,Big Y-700
CTS8486,Positive,Big Y-700
CTS878,Positive,Big Y-700
CTS88,Positive,Big Y-700
CTS8876,Positive,Big Y-700
CTS8959,Positive,Big Y-700
CTS9240,Positive,Big Y-700
CTS9264,Positive,Big Y-700
CTS9349,Positive,Big Y-700
CTS9380,Positive,Big Y-700
CTS9640,Positive,Big Y-700
F1209,Positive,Big Y-700
F1329,Positive,Big Y-700
F1704,Positive,Big Y-700
F1714,Positive,Big Y-700
F1753,Positive,Big Y-700
F1767,Positive,Big Y-700
F2142,Positive,Big Y-700
F2155,Positive,Big Y-700
F2402,Positive,Big Y-700
F2587,Positive,Big Y-700
F2688,Positive,Big Y-700
F2837,Positive,Big Y-700
F2985,Positive,Big Y-700
F3102,Positive,Big Y-700
F3111,Positive,Big Y-700
F3136,Positive,Big Y-700
F3145,Positive,Big Y-700
F3335,Positive,Big Y-700
F3368,Positive,Big Y-700
F3402,Positive,Big Y-700
F3556,Positive,Big Y-700
F3692,Positive,Big Y-700
F4188,Positive,Big Y-700
F719,Positive,Big Y-700
FGC12073,Positive,Big Y-700
FGC12074,Positive,Big Y-700
FGC12077,Positive,Big Y-700
FGC12078,Positive,Big Y-700
FGC12079,Positive,Big Y-700
FGC12080,Positive,Big Y-700
FGC12081,Positive,Big Y-700
FGC12082,Positive,Big Y-700
FGC12083,Positive,Big Y-700
FGC12084,Positive,Big Y-700
FGC12085,Positive,Big Y-700
FGC12086,Positive,Big Y-700
FGC12087,Positive,Big Y-700
FGC12088,Positive,Big Y-700
FGC12090,Positive,Big Y-700
FGC12092,Positive,Big Y-700
FGC12096,Positive,Big Y-700
FGC20462,Positive,Big Y-700
FGC20463,Positive,Big Y-700
FGC20466,Positive,Big Y-700
FGC24753,Positive,Big Y-700
FGC24761,Positive,Big Y-700
FGC24764,Positive,Big Y-700
FGC24772,Positive,Big Y-700
FGC24775,Positive,Big Y-700
FGC24777,Positive,Big Y-700
FGC24784,Positive,Big Y-700
FGC24792,Positive,Big Y-700
FGC24794,Positive,Big Y-700
FGC24795,Positive,Big Y-700
FGC24800,Positive,Big Y-700
FGC24809,Positive,Big Y-700
FGC24833,Positive,Big Y-700
FGC25066,Positive,Big Y-700
FGC25307,Positive,Big Y-700
FGC25361,Positive,Big Y-700
FGC25366,Positive,Big Y-700
FGC25379,Positive,Big Y-700
FGC25401,Positive,Big Y-700
FGC25420,Positive,Big Y-700
FGC25442,Positive,Big Y-700
FGC25449,Positive,Big Y-700
FGC25452,Positive,Big Y-700
FGC25462,Positive,Big Y-700
FGC25465,Positive,Big Y-700
FGC25470,Positive,Big Y-700
FGC25471,Positive,Big Y-700
FGC25479,Positive,Big Y-700
FGC25505,Positive,Big Y-700
FGC25515,Positive,Big Y-700
FGC25516,Positive,Big Y-700
FGC25524,Positive,Big Y-700
FGC25529,Positive,Big Y-700
FGC25530,Positive,Big Y-700
FGC25532,Positive,Big Y-700
FGC25533,Positive,Big Y-700
FGC25541,Positive,Big Y-700
FGC25543,Positive,Big Y-700
FGC25544,Positive,Big Y-700
FGC25557,Positive,Big Y-700
FGC25559,Positive,Big Y-700
FGC25563,Positive,Big Y-700
FGC25566,Positive,Big Y-700
FGC25571,Positive,Big Y-700
FGC25574,Positive,Big Y-700
FGC25583,Positive,Big Y-700
FGC25588,Positive,Big Y-700
FGC25590,Positive,Big Y-700
FGC25596,Positive,Big Y-700
FGC25610,Positive,Big Y-700
FGC25615,Positive,Big Y-700
FGC25623,Positive,Big Y-700
FGC25644,Positive,Big Y-700
FGC25656,Positive,Big Y-700
FGC25696,Positive,Big Y-700
FGC25706,Positive,Big Y-700
FGC25746,Positive,Big Y-700
FGC25754,Positive,Big Y-700
FGC25771,Positive,Big Y-700
FGC25775,Positive,Big Y-700
FGC25781,Positive,Big Y-700
FGC25789,Positive,Big Y-700
FGC25796,Positive,Big Y-700
FGC25797,Positive,Big Y-700
FGC25803,Positive,Big Y-700
FGC25813,Positive,Big Y-700
FGC25815,Positive,Big Y-700
FGC25829,Positive,Big Y-700
FGC25830,Positive,Big Y-700
FGC25860,Positive,Big Y-700
FGC25866,Positive,Big Y-700
FGC25872,Positive,Big Y-700
FGC25874,Positive,Big Y-700
FGC25887,Positive,Big Y-700
FGC25902,Positive,Big Y-700
FGC25918,Positive,Big Y-700
FGC25921,Positive,Big Y-700
FGC25943,Positive,Big Y-700
FGC26187,Positive,Big Y-700
FGC26188,Positive,Big Y-700
FGC26198,Positive,Big Y-700
FGC26210,Positive,Big Y-700
FGC26235,Positive,Big Y-700
FGC26237,Positive,Big Y-700
FGC26238,Positive,Big Y-700
FGC26254,Positive,Big Y-700
FGC26255,Positive,Big Y-700
FGC26258,Positive,Big Y-700
FGC26267,Positive,Big Y-700
FGC26273,Positive,Big Y-700
FGC26276,Positive,Big Y-700
FGC26280,Positive,Big Y-700
FGC26285,Positive,Big Y-700
FGC26297,Positive,Big Y-700
FGC26309,Positive,Big Y-700
FGC26343,Positive,Big Y-700
FGC26356,Positive,Big Y-700
FGC26368,Positive,Big Y-700
FGC26370,Positive,Big Y-700
FGC26374,Positive,Big Y-700
FGC26375,Positive,Big Y-700
FGC26390,Positive,Big Y-700
FGC26394,Positive,Big Y-700
FGC26406,Positive,Big Y-700
FGC26410,Positive,Big Y-700
FGC26411,Positive,Big Y-700
FGC26423,Positive,Big Y-700
FGC26434,Positive,Big Y-700
FGC26435,Positive,Big Y-700
FGC26439,Positive,Big Y-700
FGC26449,Positive,Big Y-700
FGC26455,Positive,Big Y-700
FGC26462,Positive,Big Y-700
FGC26470,Positive,Big Y-700
FGC26478,Positive,Big Y-700
FGC26480,Positive,Big Y-700
FGC26485,Positive,Big Y-700
FGC26493,Positive,Big Y-700
FGC26514,Positive,Big Y-700
FGC26528,Positive,Big Y-700
FGC26530,Positive,Big Y-700
FGC26531,Positive,Big Y-700
FGC26591,Positive,Big Y-700
FGC26606,Positive,Big Y-700
FGC26619,Positive,Big Y-700
FGC26629,Positive,Big Y-700
FGC26688,Positive,Big Y-700
FGC26832,Positive,Big Y-700
FGC26852,Positive,Big Y-700
FGC26939,Positive,Big Y-700
FGC27007,Positive,Big Y-700
FGC27110,Positive,Big Y-700
FGC27115,Positive,Big Y-700
FGC27118,Positive,Big Y-700
FGC27141,Positive,Big Y-700
FGC27145,Positive,Big Y-700
FGC27146,Positive,Big Y-700
FGC27153,Positive,Big Y-700
FGC27182,Positive,Big Y-700
FGC27185,Positive,Big Y-700
FGC27186,Positive,Big Y-700
FGC27198,Positive,Big Y-700
FGC27200,Positive,Big Y-700
FGC27201,Positive,Big Y-700
FGC27203,Positive,Big Y-700
FGC27206,Positive,Big Y-700
FGC27214,Positive,Big Y-700
FGC27215,Positive,Big Y-700
FGC27217,Positive,Big Y-700
FGC27218,Positive,Big Y-700
FGC27233,Positive,Big Y-700
FGC27234,Positive,Big Y-700
FGC27236,Positive,Big Y-700
FGC27244,Positive,Big Y-700
FGC27249,Positive,Big Y-700
FGC27250,Positive,Big Y-700
FGC27254,Positive,Big Y-700
FGC27257,Positive,Big Y-700
FGC27261,Positive,Big Y-700
FGC27262,Positive,Big Y-700
FGC27281,Positive,Big Y-700
FGC27290,Positive,Big Y-700
FGC27293,Positive,Big Y-700
FGC27337,Positive,Big Y-700
FGC27344,Positive,Big Y-700
FGC27345,Positive,Big Y-700
FGC27348,Positive,Big Y-700
FGC27349,Positive,Big Y-700
FGC27355,Positive,Big Y-700
FGC27360,Positive,Big Y-700
FGC27371,Positive,Big Y-700
FGC27372,Positive,Big Y-700
FGC27408,Positive,Big Y-700
FGC27410,Positive,Big Y-700
FGC27412,Positive,Big Y-700
FGC27431,Positive,Big Y-700
FGC27476,Positive,Big Y-700
FGC27477,Positive,Big Y-700
FGC27481,Positive,Big Y-700
FGC27482,Positive,Big Y-700
FGC27485,Positive,Big Y-700
FGC27486,Positive,Big Y-700
FGC27489,Positive,Big Y-700
FGC27493,Positive,Big Y-700
FGC27496,Positive,Big Y-700
FGC27497,Positive,Big Y-700
FGC27501,Positive,Big Y-700
FGC27502,Positive,Big Y-700
FGC27506,Positive,Big Y-700
FGC27542,Positive,Big Y-700
FGC27555,Positive,Big Y-700
FGC27578,Positive,Big Y-700
FGC27579,Positive,Big Y-700
FGC27583,Positive,Big Y-700
FGC27593,Positive,Big Y-700
FGC27695,Positive,Big Y-700
FGC27698,Positive,Big Y-700
FGC27706,Positive,Big Y-700
FGC27710,Positive,Big Y-700
FGC27728,Positive,Big Y-700
FGC27730,Positive,Big Y-700
FGC27733,Positive,Big Y-700
FGC27736,Positive,Big Y-700
FGC27738,Positive,Big Y-700
FGC27752,Positive,Big Y-700
FGC27764,Positive,Big Y-700
FGC27769,Positive,Big Y-700
FGC27771,Positive,Big Y-700
FGC27774,Positive,Big Y-700
FGC27782,Positive,Big Y-700
FGC27785,Positive,Big Y-700
FGC27791,Positive,Big Y-700
FGC27795,Positive,Big Y-700
FGC27820,Positive,Big Y-700
FGC27826,Positive,Big Y-700
FGC27884,Positive,Big Y-700
FGC27886,Positive,Big Y-700
FGC30450,Positive,Big Y-700
FGC3548,Positive,Big Y-700
FGC3559,Positive,Big Y-700
FGC63213,Positive,Big Y-700
FGC7055,Positive,Big Y-700
FGC7058,Positive,Big Y-700
FGC7059,Positive,Big Y-700
FGC7060,Positive,Big Y-700
FGC7061,Positive,Big Y-700
FGC7062,Positive,Big Y-700
FGC7064,Positive,Big Y-700
FGC7065,Positive,Big Y-700
FGC7066,Positive,Big Y-700
FGC7067,Positive,Big Y-700
FGC7068,Positive,Big Y-700
FGC7069,Positive,Big Y-700
FGC7073,Positive,Big Y-700
FGC7074,Positive,Big Y-700
FGC7079,Positive,Big Y-700
FGC7081,Positive,Big Y-700
FGC7082,Positive,Big Y-700
FGC7084,Positive,Big Y-700
FGC71257,Positive,Big Y-700
FGC7148,Positive,Big Y-700
FGC7149,Positive,Big Y-700
FGC7152,Positive,Big Y-700
FGC7157,Positive,Big Y-700
FGC77992,Positive,Big Y-700
FGC77994,Positive,Big Y-700
FGC79428,Positive,Big Y-700
FGC8106,Positive,Big Y-700
FGC8107,Positive,Big Y-700
FGC8108,Positive,Big Y-700
FGC81098,Positive,Big Y-700
FGC8111,Positive,Big Y-700
FGC8112,Positive,Big Y-700
FGC8115,Positive,Big Y-700
FGC8117,Positive,Big Y-700
FGC8118,Positive,Big Y-700
FGC8120,Positive,Big Y-700
FGC8121,Positive,Big Y-700
FGC8122,Positive,Big Y-700
FGC8124,Positive,Big Y-700
FGC82964,Positive,Big Y-700
FGC82965,Positive,Big Y-700
FGC82966,Positive,Big Y-700
FGC82967,Positive,Big Y-700
FGC82969,Positive,Big Y-700
FGC82970,Positive,Big Y-700
FGC82971,Positive,Big Y-700
FGC82972,Positive,Big Y-700
FGC82975,Positive,Big Y-700
FGC82976,Positive,Big Y-700
FGC82977,Positive,Big Y-700
FGC8449,Positive,Big Y-700
FT3318,Positive,Big Y-700
L1089,Positive,Big Y-700
L1090,Positive,Big Y-700
L1095,Positive,Big Y-700
L1098,Positive,Big Y-700
L1101,Positive,Big Y-700
L1105,Positive,Big Y-700
L1118,Positive,Big Y-700
L1120,Positive,Big Y-700
L1123,Positive,Big Y-700
L1125,Positive,Big Y-700
L1129,Positive,Big Y-700
L1132,Positive,Big Y-700
L1135,Positive,Big Y-700
L1136,Positive,Big Y-700
L1137,Positive,Big Y-700
L1142,Positive,Big Y-700
L1143,Positive,Big Y-700
L1145,Positive,Big Y-700
L1150,Positive,Big Y-700
L1155,Positive,Big Y-700
L1235,Positive,Big Y-700
L132,Positive,Big Y-700
L136,Positive,Big Y-700
L15,Positive,Big Y-700
L16,Positive,Big Y-700
L178,Positive,Big Y-700
L350,Positive,Big Y-700
L403,Positive,Big Y-700
L41,Positive,Big Y-700
L460,Positive,Big Y-700
L468,Positive,Big Y-700
L470,Positive,Big Y-700
L498,Positive,Big Y-700
L578,Positive,Big Y-700
L621,Positive,Big Y-700
L68,Positive,Big Y-700
L748,Positive,Big Y-700
L751,Positive,Big Y-700
L755,Positive,Big Y-700
L756,Positive,Big Y-700
L758,Positive,Big Y-700
L772,Positive,Big Y-700
M10436,Positive,Big Y-700
M12051,Positive,Big Y-700
M168,Positive,Big Y-700
M170,Positive,Big Y-700
M213,Positive,Big Y-700
M235,Positive,Big Y-700
M258,Positive,Big Y-700
M294,Positive,Big Y-700
M299,Positive,Big Y-700
M42,Positive,Big Y-700
M423,Positive,Big Y-700
M89,Positive,Big Y-700
M94,Positive,Big Y-700
P123,Positive,Big Y-700
P124,Positive,Big Y-700
P125,Positive,Big Y-700
P126,Positive,Big Y-700
P127,Positive,Big Y-700
P130,Positive,Big Y-700
P133,Positive,Big Y-700
P134,Positive,Big Y-700
P135,Positive,Big Y-700
P136,Positive,Big Y-700
P138,Positive,Big Y-700
P139,Positive,Big Y-700
P14,Positive,Big Y-700
P140,Positive,Big Y-700
P141,Positive,Big Y-700
P142,Positive,Big Y-700
P143,Positive,Big Y-700
P145,Positive,Big Y-700
P146,Positive,Big Y-700
P148,Positive,Big Y-700
P149,Positive,Big Y-700
P151,Positive,Big Y-700
P157,Positive,Big Y-700
P158,Positive,Big Y-700
P159,Positive,Big Y-700
P160,Positive,Big Y-700
P161,Positive,Big Y-700
P163,Positive,Big Y-700
P166,Positive,Big Y-700
P187,Positive,Big Y-700
P212,Positive,Big Y-700
P215,Positive,Big Y-700
P316,Positive,Big Y-700
P38,Positive,Big Y-700
PAGES00024,Positive,Big Y-700
PAGES00026,Positive,Big Y-700
PAGES00081,Positive,Big Y-700
PF2591,Positive,Big Y-700
PF2593,Positive,Big Y-700
PF2599,Positive,Big Y-700
PF2608,Positive,Big Y-700
PF2611,Positive,Big Y-700
PF2615,Positive,Big Y-700
PF2624,Positive,Big Y-700
PF2643,Positive,Big Y-700
PF2745,Positive,Big Y-700
PF2747,Positive,Big Y-700
PF2748,Positive,Big Y-700
PF2749,Positive,Big Y-700
PF2770,Positive,Big Y-700
PF3562,Positive,Big Y-700
PF3573,Positive,Big Y-700
PF3574,Positive,Big Y-700
PF3578,Positive,Big Y-700
PF3583,Positive,Big Y-700
PF3586,Positive,Big Y-700
PF3588,Positive,Big Y-700
PF3590,Positive,Big Y-700
PF3594,Positive,Big Y-700
PF3596,Positive,Big Y-700
PF3600,Positive,Big Y-700
PF3604,Positive,Big Y-700
PF3605,Positive,Big Y-700
PF3606,Positive,Big Y-700
PF3607,Positive,Big Y-700
PF3611,Positive,Big Y-700
PF3612,Positive,Big Y-700
PF3616,Positive,Big Y-700
PF3618,Positive,Big Y-700
PF3619,Positive,Big Y-700
PF3621,Positive,Big Y-700
PF3623,Positive,Big Y-700
PF3624,Positive,Big Y-700
PF3625,Positive,Big Y-700
PF3626,Positive,Big Y-700
PF3638,Positive,Big Y-700
PF3639,Positive,Big Y-700
PF3640,Positive,Big Y-700
PF3641,Positive,Big Y-700
PF3644,Positive,Big Y-700
PF3651,Positive,Big Y-700
PF3652,Positive,Big Y-700
PF3657,Positive,Big Y-700
PF3658,Positive,Big Y-700
PF3660,Positive,Big Y-700
PF3664,Positive,Big Y-700
PF3666,Positive,Big Y-700
PF3667,Positive,Big Y-700
PF3669,Positive,Big Y-700
PF3671,Positive,Big Y-700
PF3672,Positive,Big Y-700
PF3675,Positive,Big Y-700
PF3677,Positive,Big Y-700
PF3686,Positive,Big Y-700
PF3690,Positive,Big Y-700
PF3694,Positive,Big Y-700
PF3780,Positive,Big Y-700
PF3798,Positive,Big Y-700
PF3800,Positive,Big Y-700
PF3801,Positive,Big Y-700
PF3802,Positive,Big Y-700
PF3804,Positive,Big Y-700
PF3806,Positive,Big Y-700
PF3807,Positive,Big Y-700
PF3809,Positive,Big Y-700
PF3810,Positive,Big Y-700
PF3811,Positive,Big Y-700
PF3812,Positive,Big Y-700
PF3814,Positive,Big Y-700
PF3815,Positive,Big Y-700
PF3819,Positive,Big Y-700
PF3820,Positive,Big Y-700
PF3822,Positive,Big Y-700
PF3830,Positive,Big Y-700
PF3835,Positive,Big Y-700
PF3836,Positive,Big Y-700
PF3837,Positive,Big Y-700
PF3849,Positive,Big Y-700
PF3850,Positive,Big Y-700
PF3944,Positive,Big Y-700
PF3945,Positive,Big Y-700
PF3966,Positive,Big Y-700
PF3967,Positive,Big Y-700
PF4052,Positive,Big Y-700
PF4058,Positive,Big Y-700
PF4081,Positive,Big Y-700
S10302,Positive,Big Y-700
S10659,Positive,Big Y-700
S10980,Positive,Big Y-700
S11650,Positive,Big Y-700
S11840,Positive,Big Y-700
S12235,Positive,Big Y-700
S12378,Positive,Big Y-700
S12542,Positive,Big Y-700
S12569,Positive,Big Y-700
S13737,Positive,Big Y-700
S15817,Positive,Big Y-700
S16428,Positive,Big Y-700
S17076,Positive,Big Y-700
S17790,Positive,Big Y-700
S17872,Positive,Big Y-700
S19015,Positive,Big Y-700
S19789,Positive,Big Y-700
S19848,Positive,Big Y-700
S20061,Positive,Big Y-700
S20602,Positive,Big Y-700
S20646,Positive,Big Y-700
S20938,Positive,Big Y-700
S23241,Positive,Big Y-700
S23314,Positive,Big Y-700
S23503,Positive,Big Y-700
S23857,Positive,Big Y-700
S24427,Positive,Big Y-700
S25867,Positive,Big Y-700
S26147,Positive,Big Y-700
S26486,Positive,Big Y-700
S2654,Positive,Big Y-700
S2691,Positive,Big Y-700
S2748,Positive,Big Y-700
S2750,Positive,Big Y-700
S2770,Positive,Big Y-700
S5130,Positive,Big Y-700
S5140,Positive,Big Y-700
S7721,Positive,Big Y-700
S9952,Positive,Big Y-700
V186,Positive,Big Y-700
V205,Positive,Big Y-700
V221,Positive,Big Y-700
Y11550,Positive,Big Y-700
Y125030,Positive,Big Y-700
Y125382,Positive,Big Y-700
Y125706,Positive,Big Y-700
Y126020,Positive,Big Y-700
Y128456,Positive,Big Y-700
Y128937,Positive,Big Y-700
Y29563,Positive,Big Y-700
Y29564,Positive,Big Y-700
Y29566,Positive,Big Y-700
Y3106,Positive,Big Y-700
Y3114,Positive,Big Y-700
Y3771,Positive,Big Y-700
Y3772,Positive,Big Y-700
Y65658,Positive,Big Y-700
Y7544,Positive,Big Y-700
Y8776,Positive,Big Y-700
YP1735,Positive,Big Y-700
YP1775,Positive,Big Y-700
YP1802,Positive,Big Y-700
YP1807,Positive,Big Y-700
YP1812,Positive,Big Y-700
YP1814,Positive,Big Y-700
YP1820,Positive,Big Y-700
YP1827,Positive,Big Y-700
YP1829,Positive,Big Y-700
YP1830,Positive,Big Y-700
YP1831,Positive,Big Y-700
YP1839,Positive,Big Y-700
YP1854,Positive,Big Y-700
YP1873,Positive,Big Y-700
YP1915,Positive,Big Y-700
YP194,Positive,Big Y-700
YP1958,Positive,Big Y-700
YP1964,Positive,Big Y-700
YP1965,Positive,Big Y-700
YP1967,Positive,Big Y-700
YP1969,Positive,Big Y-700
YP1970,Positive,Big Y-700
YP1974,Positive,Big Y-700
YP1975,Positive,Big Y-700
YP1976,Positive,Big Y-700
YP1977,Positive,Big Y-700
YP1979,Positive,Big Y-700
YP1980,Positive,Big Y-700
YP1981,Positive,Big Y-700
YP1982,Positive,Big Y-700
YP1983,Positive,Big Y-700
YP1984,Positive,Big Y-700
YP1985,Positive,Big Y-700
YP1989,Positive,Big Y-700
YP199,Positive,Big Y-700
YP1990,Positive,Big Y-700
YP1991,Positive,Big Y-700
YP1992,Positive,Big Y-700
YP1993,Positive,Big Y-700
YP1995,Positive,Big Y-700
YP1998,Positive,Big Y-700
YP1999,Positive,Big Y-700
YP2002,Positive,Big Y-700
YP2003,Positive,Big Y-700
YP2005,Positive,Big Y-700
YP2006,Positive,Big Y-700
YP2007,Positive,Big Y-700
YP2008,Positive,Big Y-700
YP2009,Positive,Big Y-700
YP2011,Positive,Big Y-700
YP2012,Positive,Big Y-700
YP2015,Positive,Big Y-700
YP2016,Positive,Big Y-700
YP2017,Positive,Big Y-700
YP2018,Positive,Big Y-700
YP2020,Positive,Big Y-700
YP2022,Positive,Big Y-700
YP2023,Positive,Big Y-700
YP2024,Positive,Big Y-700
YP2025,Positive,Big Y-700
YP2026,Positive,Big Y-700
YP2028,Positive,Big Y-700
YP2031,Positive,Big Y-700
YP2032,Positive,Big Y-700
YP2035,Positive,Big Y-700
YP2037,Positive,Big Y-700
YP2041,Positive,Big Y-700
YP2044,Positive,Big Y-700
YP2045,Positive,Big Y-700
YP2046,Positive,Big Y-700
YP2047,Positive,Big Y-700
YP2051,Positive,Big Y-700
YP2053,Positive,Big Y-700
YP2058,Positive,Big Y-700
YP2060,Positive,Big Y-700
YP2062,Positive,Big Y-700
YP2067,Positive,Big Y-700
YP2068,Positive,Big Y-700
YP2069,Positive,Big Y-700
YP2070,Positive,Big Y-700
YP2071,Positive,Big Y-700
YP2072,Positive,Big Y-700
YP2073,Positive,Big Y-700
YP2076,Positive,Big Y-700
YP2079,Positive,Big Y-700
YP208,Positive,Big Y-700
YP2080,Positive,Big Y-700
YP211,Positive,Big Y-700
YP2130,Positive,Big Y-700
YP2152,Positive,Big Y-700
YP2153,Positive,Big Y-700
YP216,Positive,Big Y-700
YP217,Positive,Big Y-700
YP218,Positive,Big Y-700
YP2180,Positive,Big Y-700
YP2190,Positive,Big Y-700
YP2191,Positive,Big Y-700
YP2192,Positive,Big Y-700
YP2193,Positive,Big Y-700
YP220,Positive,Big Y-700
YP2205,Positive,Big Y-700
YP222,Positive,Big Y-700
YP2235,Positive,Big Y-700
YP2237,Positive,Big Y-700
YP2238,Positive,Big Y-700
YP2239,Positive,Big Y-700
YP2240,Positive,Big Y-700
YP2241,Positive,Big Y-700
YP2242,Positive,Big Y-700
YP2243,Positive,Big Y-700
YP2244,Positive,Big Y-700
YP2245,Positive,Big Y-700
YP225,Positive,Big Y-700
YP2251,Positive,Big Y-700
YP2252,Positive,Big Y-700
YP2255,Positive,Big Y-700
YP2257,Positive,Big Y-700
YP2258,Positive,Big Y-700
YP2259,Positive,Big Y-700
YP2261,Positive,Big Y-700
YP3894,Positive,Big Y-700
YP3895,Positive,Big Y-700
YSC0000256,Positive,Big Y-700
YSC0000272,Positive,Big Y-700
YSC0000281,Positive,Big Y-700
Z2065,Positive,Big Y-700
Z2594,Positive,Big Y-700
Z2601,Positive,Big Y-700
Z2603,Positive,Big Y-700